entity_id,in_cmdb,in_vuln,in_av,in_patch,in_config,os,type,n_vulns,n_ports_open
1,1,1,1,0,1,Solaris,Workstation,51,3
2,1,1,1,0,1,Mac,Server,71,4
3,0,1,1,1,0,Mac,Workstation,147,1
4,1,0,1,1,0,Solaris,Workstation,83,3
5,0,1,1,0,0,Linux,Workstation,60,1
6,1,0,0,1,0,Windows,Server,44,1
7,0,1,0,0,0,Mac,Server,59,4
8,1,0,1,1,0,Solaris,Workstation,65,1
9,0,0,0,0,1,Solaris,Workstation,265,1
10,0,1,0,1,0,Solaris,Server,16,1
11,0,0,0,0,1,Windows,Workstation,82,1
12,0,1,0,1,0,Linux,Workstation,6,3
13,0,1,1,1,0,Mac,Server,3,4
14,0,0,1,0,0,Mac,Workstation,110,2
15,1,0,1,1,1,Mac,Server,2,1
16,0,1,0,1,0,Solaris,Workstation,69,3
17,1,0,1,1,1,Windows,Workstation,4,6
18,1,1,1,1,0,Windows,Workstation,20,1
19,0,1,0,1,1,Windows,Workstation,34,1
20,1,0,1,0,0,Linux,Server,4,3
21,0,0,1,1,0,Windows,Server,4,3
22,0,0,0,1,1,Solaris,Server,69,1
23,1,1,0,0,1,Solaris,Server,20,3
24,1,1,1,0,1,Windows,Workstation,6,3
25,0,1,1,0,0,Mac,Workstation,36,1
26,0,1,0,1,1,Solaris,Server,84,1
27,0,0,0,0,1,Windows,Server,133,1
28,0,1,0,0,1,Windows,Workstation,11,3
29,0,1,1,1,1,Windows,Workstation,74,1
30,0,0,1,1,1,Mac,Workstation,142,1
31,0,0,1,0,1,Linux,Workstation,62,3
32,0,0,0,1,1,Windows,Workstation,41,1
33,0,1,1,1,1,Windows,Server,155,1
34,1,1,0,0,0,Linux,Server,24,1
35,1,1,0,1,1,Solaris,Workstation,69,1
36,1,1,1,1,1,Mac,Workstation,2,1
37,1,0,0,0,1,Solaris,Server,13,3
38,1,1,1,0,1,Solaris,Workstation,94,1
39,0,1,0,1,1,Solaris,Server,53,6
40,0,1,0,1,1,Mac,Server,30,2
41,0,1,0,1,0,Solaris,Workstation,11,1
42,1,1,1,0,0,Linux,Workstation,99,2
43,1,0,0,1,1,Mac,Server,17,2
44,1,0,0,0,1,Linux,Workstation,78,4
45,1,1,1,0,0,Linux,Workstation,60,1
46,0,1,0,0,1,Linux,Workstation,23,3
47,0,1,1,0,0,Windows,Server,11,5
48,0,1,1,1,0,Solaris,Server,8,1
49,1,1,1,1,1,Solaris,Workstation,54,1
50,1,1,0,0,1,Windows,Server,17,2
51,0,0,1,1,0,Solaris,Workstation,6,3
52,0,0,1,0,1,Linux,Server,6,2
53,1,0,1,0,1,Windows,Server,35,1
54,1,0,1,0,1,Mac,Workstation,154,1
55,0,1,1,0,0,Mac,Workstation,181,1
56,1,0,0,0,0,Windows,Server,38,2
57,0,0,0,0,1,Windows,Server,12,5
58,0,1,0,1,0,Mac,Workstation,17,2
59,0,0,0,0,0,Linux,Server,11,1
60,1,0,1,1,1,Solaris,Workstation,34,2
61,0,0,0,0,1,Linux,Workstation,280,2
62,0,0,1,0,0,Linux,Server,34,3
63,1,1,1,1,0,Windows,Server,153,1
64,0,0,1,0,1,Solaris,Workstation,34,1
65,0,0,0,1,1,Linux,Workstation,73,1
66,1,0,0,1,1,Windows,Server,211,2
67,0,1,1,1,1,Mac,Server,51,2
68,1,0,1,1,0,Solaris,Server,35,5
69,1,0,1,1,1,Mac,Workstation,3,5
70,0,1,1,1,0,Solaris,Server,2,1
71,1,1,0,0,0,Solaris,Workstation,114,3
72,0,1,1,1,0,Solaris,Server,12,1
73,0,1,0,0,1,Solaris,Server,49,1
74,0,0,1,0,0,Mac,Workstation,75,2
75,1,1,0,1,1,Linux,Workstation,82,1
76,1,1,0,0,0,Mac,Workstation,47,3
77,0,1,0,0,1,Windows,Workstation,84,2
78,1,0,0,1,1,Windows,Server,7,4
79,1,0,1,1,0,Solaris,Server,60,1
80,0,0,1,0,0,Windows,Server,210,1
81,1,0,1,0,0,Solaris,Server,27,2
82,0,0,1,1,0,Mac,Workstation,5,1
83,0,0,1,0,0,Linux,Workstation,76,2
84,1,0,0,0,1,Linux,Workstation,47,2
85,0,1,0,1,0,Mac,Server,4,1
86,0,0,1,1,0,Solaris,Workstation,21,2
87,0,1,1,1,1,Windows,Workstation,3,1
88,0,0,1,1,0,Solaris,Server,115,1
89,1,0,1,0,0,Mac,Workstation,61,1
90,0,0,0,1,0,Linux,Workstation,65,5
91,0,1,0,0,1,Linux,Server,88,1
92,0,0,0,1,1,Linux,Workstation,16,1
93,1,1,1,0,0,Solaris,Workstation,33,2
94,0,1,0,1,1,Linux,Server,30,1
95,0,0,1,1,0,Linux,Server,214,2
96,1,1,1,1,1,Windows,Workstation,93,2
97,1,1,0,0,0,Solaris,Workstation,28,3
98,1,1,0,1,1,Solaris,Workstation,37,2
99,1,1,0,1,0,Mac,Server,14,2
100,0,0,0,1,1,Linux,Server,40,1
101,0,1,1,0,0,Linux,Server,8,2
102,1,1,1,0,1,Windows,Workstation,18,2
103,1,0,1,1,0,Windows,Workstation,40,2
104,1,1,1,1,1,Solaris,Workstation,16,1
105,1,0,1,1,0,Mac,Server,113,1
106,1,0,1,1,1,Mac,Workstation,6,1
107,0,0,1,1,1,Linux,Workstation,44,3
108,1,1,1,0,0,Windows,Workstation,6,1
109,1,1,1,0,1,Windows,Workstation,21,1
110,1,0,1,1,0,Linux,Server,155,2
111,1,0,0,0,1,Windows,Workstation,26,1
112,0,0,1,0,0,Linux,Workstation,39,1
113,1,1,1,0,1,Linux,Server,52,1
114,1,0,1,1,0,Linux,Server,46,1
115,0,1,1,1,1,Mac,Server,15,1
116,1,0,1,0,0,Mac,Server,79,1
117,1,1,1,0,1,Linux,Workstation,4,1
118,1,0,0,1,1,Mac,Workstation,129,6
119,0,1,1,0,0,Mac,Workstation,12,1
120,1,1,1,1,1,Linux,Workstation,126,1
121,1,0,1,1,0,Mac,Workstation,108,1
122,1,1,1,0,0,Windows,Server,12,1
123,0,0,0,1,0,Windows,Server,85,2
124,0,0,0,1,0,Solaris,Server,85,2
125,0,1,1,0,0,Windows,Server,1,3
126,0,1,1,1,1,Linux,Server,40,1
127,0,0,1,1,0,Windows,Server,3,1
128,1,1,0,0,1,Solaris,Server,43,5
129,0,0,1,0,0,Windows,Server,97,1
130,0,1,0,0,1,Solaris,Server,30,3
131,0,1,1,0,1,Solaris,Workstation,59,1
132,1,1,1,0,1,Solaris,Workstation,214,4
133,1,1,1,0,0,Windows,Server,0,1
134,0,1,1,0,0,Windows,Server,48,1
135,1,0,1,1,1,Solaris,Workstation,82,3
136,1,0,1,0,1,Windows,Server,149,3
137,0,0,0,1,1,Windows,Workstation,4,2
138,0,0,0,0,1,Mac,Workstation,8,1
139,1,1,0,1,0,Mac,Workstation,79,5
140,0,0,0,1,1,Mac,Workstation,129,2
141,1,1,0,1,0,Solaris,Server,6,1
142,1,0,1,0,1,Linux,Workstation,11,1
143,0,1,1,1,1,Mac,Server,26,2
144,0,0,1,1,1,Windows,Server,111,5
145,0,0,0,1,0,Mac,Workstation,2,2
146,0,0,0,0,1,Mac,Workstation,158,1
147,1,1,1,0,0,Solaris,Server,38,3
148,1,0,0,0,0,Solaris,Workstation,100,1
149,0,0,0,0,1,Solaris,Server,66,1
150,1,1,1,1,0,Linux,Server,17,6
151,0,0,0,1,0,Mac,Workstation,71,1
152,0,0,1,0,1,Solaris,Server,98,1
153,0,0,0,0,1,Linux,Workstation,40,1
154,1,1,1,1,0,Linux,Server,156,2
155,1,0,1,1,1,Linux,Server,6,1
156,1,1,0,0,1,Linux,Workstation,144,2
157,1,1,1,0,0,Mac,Server,25,2
158,1,1,1,0,0,Linux,Server,73,3
159,1,1,1,1,0,Solaris,Workstation,52,3
160,0,1,0,1,0,Windows,Workstation,58,1
161,0,0,0,1,1,Solaris,Workstation,60,2
162,0,0,1,1,0,Linux,Workstation,78,2
163,1,1,0,1,0,Mac,Workstation,29,1
164,0,0,0,0,1,Windows,Server,14,1
165,0,1,1,0,0,Mac,Workstation,32,1
166,0,1,1,0,0,Solaris,Server,1,2
167,0,0,1,1,0,Mac,Workstation,12,1
168,1,1,0,1,0,Solaris,Server,42,1
169,0,1,0,1,0,Linux,Workstation,79,3
170,1,1,0,1,0,Linux,Workstation,68,1
171,1,1,0,0,0,Windows,Workstation,24,2
172,1,0,0,1,1,Solaris,Server,92,1
173,0,1,0,0,0,Windows,Workstation,18,1
174,1,1,1,0,1,Solaris,Server,17,1
175,1,0,1,1,1,Solaris,Server,126,3
176,1,1,0,1,0,Mac,Workstation,76,1
177,1,0,1,0,0,Linux,Workstation,39,4
178,1,1,0,0,1,Solaris,Server,33,4
179,1,1,1,1,1,Solaris,Server,12,1
180,1,1,1,0,1,Solaris,Server,13,1
181,0,1,1,1,1,Solaris,Server,34,3
182,0,1,1,0,0,Solaris,Server,4,1
183,1,1,0,0,0,Mac,Server,13,1
184,1,0,0,1,0,Solaris,Workstation,47,1
185,1,1,0,1,1,Linux,Workstation,43,5
186,0,1,0,0,0,Linux,Server,14,1
187,1,0,0,1,1,Linux,Server,28,1
188,0,1,0,0,1,Solaris,Workstation,58,2
189,0,1,1,1,1,Windows,Workstation,16,1
190,1,1,0,1,0,Windows,Workstation,4,5
191,0,0,0,0,0,Linux,Server,49,2
192,0,1,1,0,0,Windows,Server,128,4
193,1,1,0,1,1,Windows,Server,49,2
194,1,0,0,0,1,Windows,Server,69,3
195,1,1,0,0,1,Windows,Server,7,1
196,1,1,0,1,0,Mac,Workstation,118,1
197,0,1,0,0,1,Linux,Server,50,1
198,1,1,0,0,0,Linux,Workstation,42,3
199,0,1,1,0,1,Mac,Server,10,1
200,1,0,1,0,1,Linux,Workstation,84,1
201,0,1,1,1,0,Mac,Workstation,352,1
202,1,0,1,1,1,Solaris,Workstation,79,2
203,1,1,0,0,1,Mac,Server,259,2
204,1,1,0,0,1,Solaris,Server,6,3
205,0,1,0,1,0,Linux,Workstation,78,4
206,0,1,1,0,1,Windows,Server,177,5
207,1,1,0,1,0,Solaris,Server,0,1
208,0,1,0,0,1,Mac,Server,61,3
209,1,0,0,0,0,Linux,Workstation,3,4
210,0,1,1,1,0,Windows,Workstation,50,6
211,0,0,1,1,0,Windows,Server,45,1
212,1,0,0,0,1,Windows,Server,21,1
213,1,0,1,0,1,Linux,Server,141,3
214,0,1,1,0,0,Solaris,Workstation,6,3
215,0,0,0,0,1,Linux,Workstation,9,3
216,1,1,1,1,1,Solaris,Workstation,31,2
217,1,1,0,0,1,Solaris,Workstation,25,2
218,1,1,1,1,1,Linux,Server,242,2
219,1,0,1,1,1,Windows,Server,18,1
220,0,1,1,1,1,Linux,Workstation,69,1
221,1,0,1,1,1,Solaris,Workstation,73,2
222,1,1,1,0,0,Mac,Server,46,1
223,0,1,0,1,1,Linux,Server,42,3
224,0,1,1,1,1,Solaris,Workstation,239,3
225,0,0,0,0,0,Linux,Server,55,3
226,1,1,1,0,1,Windows,Workstation,62,4
227,1,1,1,1,1,Mac,Workstation,108,1
228,1,0,0,1,1,Mac,Server,106,1
229,0,0,1,0,0,Solaris,Workstation,216,1
230,1,1,1,1,0,Linux,Workstation,12,1
231,0,1,1,1,0,Mac,Workstation,29,2
232,0,0,1,0,1,Mac,Workstation,39,2
233,1,1,1,0,1,Windows,Workstation,5,2
234,1,1,1,1,1,Mac,Workstation,42,1
235,1,1,0,0,1,Linux,Workstation,60,1
236,1,1,1,0,1,Windows,Workstation,122,2
237,0,0,1,0,0,Linux,Workstation,24,2
238,1,1,0,0,0,Windows,Workstation,124,4
239,0,1,1,0,1,Linux,Server,59,1
240,0,1,1,1,1,Solaris,Workstation,12,4
241,0,0,1,1,0,Linux,Workstation,26,4
242,1,1,0,0,1,Linux,Server,85,1
243,0,1,1,1,1,Mac,Workstation,122,1
244,1,1,1,0,1,Windows,Server,36,1
245,0,0,0,0,1,Windows,Workstation,70,1
246,1,1,1,0,0,Linux,Server,66,2
247,1,0,0,0,0,Linux,Workstation,103,3
248,0,0,1,0,1,Windows,Workstation,3,1
249,0,1,0,1,0,Linux,Workstation,1,1
250,1,0,1,0,0,Solaris,Workstation,0,1
251,0,1,1,0,0,Mac,Workstation,50,1
252,0,1,1,1,1,Linux,Server,21,1
253,0,0,1,0,1,Mac,Server,16,1
254,0,0,0,1,0,Windows,Workstation,63,1
255,0,0,0,1,0,Windows,Server,103,3
256,1,0,0,0,0,Mac,Workstation,52,2
257,1,0,0,1,0,Mac,Server,43,1
258,1,0,0,0,1,Mac,Server,17,1
259,1,0,1,0,0,Linux,Server,124,1
260,0,0,1,1,0,Mac,Server,31,2
261,1,0,1,0,0,Windows,Workstation,65,2
262,0,1,0,0,1,Mac,Server,85,7
263,1,0,1,1,0,Linux,Server,219,2
264,0,0,0,0,1,Mac,Workstation,11,7
265,1,1,0,0,0,Mac,Server,120,1
266,1,1,0,1,0,Solaris,Server,22,1
267,1,1,1,0,0,Windows,Server,18,1
268,1,1,1,0,0,Mac,Server,108,1
269,0,0,1,0,1,Linux,Server,30,1
270,1,0,0,1,1,Mac,Server,75,2
271,1,0,1,1,0,Solaris,Server,115,2
272,1,1,1,0,0,Windows,Server,11,1
273,1,0,1,0,1,Linux,Workstation,38,4
274,1,1,0,1,1,Mac,Server,74,2
275,1,0,1,0,0,Mac,Server,64,1
276,0,0,1,0,0,Windows,Workstation,103,1
277,0,0,0,0,1,Windows,Workstation,11,1
278,0,0,1,1,0,Linux,Workstation,6,2
279,0,1,1,1,1,Solaris,Server,193,2
280,0,0,0,0,0,Windows,Workstation,63,1
281,1,1,1,1,0,Solaris,Workstation,96,4
282,0,1,1,0,0,Linux,Workstation,191,1
283,0,0,0,0,1,Linux,Workstation,2,1
284,1,1,0,0,0,Linux,Server,26,2
285,0,0,0,0,0,Windows,Workstation,54,2
286,1,1,0,0,0,Mac,Workstation,24,1
287,1,1,1,0,1,Mac,Server,34,4
288,1,0,1,1,0,Linux,Server,66,1
289,1,1,1,1,1,Windows,Workstation,33,4
290,1,0,1,0,0,Mac,Server,23,1
291,0,0,0,0,1,Solaris,Server,18,2
292,1,0,0,0,0,Solaris,Workstation,122,3
293,0,1,1,1,1,Solaris,Workstation,1,1
294,0,1,0,1,0,Linux,Server,70,3
295,1,1,0,1,0,Mac,Workstation,44,2
296,0,0,1,1,0,Linux,Workstation,59,3
297,1,0,0,0,0,Solaris,Server,3,1
298,1,1,1,0,1,Windows,Workstation,112,2
299,0,0,1,0,1,Solaris,Server,10,4
300,0,1,1,0,1,Linux,Workstation,27,1
301,1,1,1,1,0,Solaris,Server,267,1
302,1,1,0,0,0,Linux,Workstation,134,3
303,0,1,0,0,0,Solaris,Workstation,2,1
304,1,1,0,0,0,Linux,Workstation,159,2
305,0,1,1,1,1,Mac,Workstation,123,1
306,0,0,1,0,0,Mac,Workstation,32,1
307,0,1,0,0,1,Windows,Server,11,2
308,1,1,0,0,1,Windows,Server,41,2
309,0,0,0,0,1,Windows,Server,158,2
310,0,1,0,0,0,Mac,Workstation,94,1
311,0,0,1,0,0,Windows,Server,129,2
312,1,1,0,1,0,Linux,Server,107,2
313,1,1,0,1,0,Mac,Workstation,15,1
314,0,1,0,0,1,Solaris,Workstation,35,2
315,0,1,1,0,0,Mac,Workstation,8,1
316,1,0,1,0,0,Windows,Server,115,2
317,1,1,1,1,0,Windows,Server,75,2
318,0,0,1,1,1,Mac,Server,46,4
319,0,1,0,0,1,Linux,Server,11,6
320,0,0,1,0,0,Solaris,Workstation,100,6
321,0,1,1,1,0,Mac,Server,149,2
322,0,1,1,0,1,Solaris,Workstation,30,1
323,0,0,1,0,1,Solaris,Workstation,50,1
324,0,1,1,1,0,Mac,Server,62,1
325,1,1,1,0,1,Mac,Server,65,2
326,0,1,0,1,1,Mac,Workstation,50,2
327,1,1,0,0,1,Linux,Server,71,4
328,0,1,0,0,1,Windows,Server,61,3
329,0,1,1,1,0,Linux,Workstation,42,2
330,1,1,0,0,1,Mac,Workstation,112,1
331,0,1,0,1,1,Mac,Server,27,1
332,0,0,1,0,1,Mac,Workstation,54,7
333,1,0,0,1,1,Linux,Workstation,52,2
334,0,0,1,1,0,Mac,Workstation,72,1
335,0,0,1,1,0,Solaris,Workstation,27,8
336,0,1,1,0,1,Linux,Workstation,5,4
337,0,1,1,0,0,Windows,Server,11,2
338,1,1,0,0,1,Solaris,Server,66,1
339,1,1,1,1,0,Linux,Workstation,19,1
340,1,1,0,1,1,Solaris,Workstation,121,1
341,1,1,0,0,0,Mac,Server,162,2
342,1,0,1,1,0,Windows,Server,8,2
343,1,0,1,0,0,Linux,Server,82,2
344,1,0,1,1,1,Solaris,Server,129,1
345,1,1,0,1,1,Windows,Server,110,2
346,0,0,0,1,1,Linux,Server,123,1
347,1,1,1,0,1,Linux,Server,72,1
348,1,1,0,0,0,Windows,Server,24,1
349,0,1,0,1,0,Solaris,Server,50,1
350,0,0,1,1,0,Solaris,Workstation,80,1
351,0,1,1,1,1,Linux,Server,19,1
352,0,1,0,0,1,Windows,Server,19,1
353,1,1,1,1,0,Mac,Workstation,81,1
354,0,0,0,0,1,Solaris,Server,81,1
355,1,1,1,0,0,Mac,Workstation,275,1
356,0,0,1,1,0,Windows,Workstation,67,2
357,0,0,0,0,0,Solaris,Server,1,1
358,1,0,0,0,1,Solaris,Workstation,5,1
359,0,1,1,0,1,Linux,Server,15,2
360,0,0,1,0,0,Windows,Workstation,208,3
361,1,1,1,1,1,Linux,Server,119,1
362,0,1,1,0,0,Windows,Workstation,127,2
363,1,0,0,1,1,Linux,Server,111,1
364,0,1,1,0,1,Windows,Workstation,4,2
365,0,1,1,1,1,Mac,Server,9,1
366,0,0,1,1,1,Linux,Server,39,1
367,1,0,1,0,0,Mac,Server,43,1
368,0,1,1,0,0,Linux,Server,59,1
369,0,0,0,0,1,Linux,Server,43,7
370,1,0,0,1,1,Mac,Workstation,59,1
371,0,0,0,1,1,Windows,Server,7,1
372,0,1,0,0,1,Linux,Workstation,23,1
373,0,1,0,0,1,Windows,Server,29,1
374,1,0,0,0,1,Linux,Server,21,1
375,0,1,0,1,1,Windows,Server,37,1
376,1,1,1,1,1,Solaris,Workstation,16,1
377,0,1,0,0,0,Windows,Workstation,10,1
378,1,0,0,0,0,Solaris,Workstation,3,1
379,0,0,1,1,0,Mac,Workstation,144,1
380,0,0,1,0,1,Mac,Server,27,3
381,1,1,1,0,1,Windows,Server,4,1
382,1,0,1,1,1,Mac,Workstation,9,2
383,0,1,1,1,1,Solaris,Server,5,4
384,0,0,1,0,1,Linux,Workstation,37,1
385,1,0,0,1,1,Mac,Workstation,29,1
386,0,1,0,0,0,Linux,Workstation,43,1
387,1,1,1,1,1,Solaris,Server,7,1
388,1,0,0,1,0,Linux,Workstation,42,3
389,1,0,0,0,0,Mac,Workstation,23,4
390,0,1,1,1,0,Mac,Server,35,1
391,1,0,0,1,1,Windows,Workstation,25,2
392,0,1,1,0,0,Solaris,Server,58,1
393,0,0,1,1,0,Mac,Workstation,92,2
394,0,0,0,1,0,Mac,Workstation,115,2
395,1,1,0,0,0,Windows,Workstation,2,3
396,0,1,0,0,1,Solaris,Workstation,45,3
397,1,1,0,0,0,Linux,Server,292,1
398,0,1,1,0,0,Windows,Workstation,43,1
399,1,1,0,1,0,Windows,Workstation,0,2
400,0,1,0,1,1,Solaris,Server,47,5
401,1,0,1,1,1,Solaris,Server,95,1
402,1,1,1,1,1,Solaris,Server,201,4
403,1,1,1,1,0,Windows,Workstation,18,2
404,0,0,1,0,0,Linux,Workstation,17,2
405,1,1,0,0,1,Mac,Server,55,1
406,1,0,1,0,1,Linux,Server,40,1
407,1,1,1,0,0,Linux,Server,19,3
408,1,1,1,0,0,Linux,Server,27,4
409,0,1,1,1,1,Windows,Workstation,38,1
410,1,0,1,0,0,Mac,Server,68,1
411,1,0,0,1,0,Mac,Server,51,1
412,0,0,1,1,1,Mac,Server,5,3
413,1,0,0,0,0,Solaris,Server,19,1
414,0,0,0,1,1,Solaris,Server,182,3
415,1,1,1,1,1,Windows,Workstation,78,1
416,0,1,0,0,0,Mac,Workstation,0,2
417,0,0,0,0,0,Linux,Workstation,18,2
418,0,0,0,0,1,Windows,Workstation,84,2
419,0,0,1,0,0,Solaris,Workstation,3,1
420,1,1,0,1,1,Linux,Server,100,2
421,1,1,0,1,0,Linux,Workstation,131,1
422,0,0,0,1,1,Solaris,Workstation,20,1
423,0,1,0,0,1,Linux,Workstation,6,3
424,1,0,1,0,0,Linux,Server,11,1
425,1,1,0,1,0,Solaris,Server,46,2
426,0,1,0,1,1,Mac,Workstation,1,1
427,1,0,1,1,0,Solaris,Workstation,47,1
428,1,1,0,0,0,Windows,Server,11,5
429,0,0,0,0,0,Mac,Server,102,1
430,1,0,1,1,1,Linux,Workstation,11,1
431,1,1,1,1,0,Windows,Workstation,5,1
432,1,1,0,1,0,Linux,Workstation,2,1
433,0,0,0,1,1,Mac,Server,6,4
434,1,1,0,1,1,Windows,Workstation,39,4
435,1,0,1,0,0,Windows,Workstation,290,2
436,1,1,0,0,1,Mac,Server,67,2
437,1,0,1,1,0,Windows,Server,59,3
438,1,1,0,1,0,Windows,Server,126,1
439,1,1,1,1,0,Linux,Workstation,68,1
440,1,0,1,1,0,Solaris,Workstation,39,1
441,0,0,1,1,0,Solaris,Workstation,108,4
442,0,0,0,0,1,Windows,Server,21,1
443,1,1,0,0,0,Mac,Workstation,67,2
444,0,1,0,1,1,Windows,Workstation,307,1
445,0,0,1,0,1,Solaris,Workstation,75,1
446,1,0,0,0,1,Windows,Workstation,41,3
447,1,0,1,1,1,Linux,Workstation,4,11
448,1,0,1,0,0,Windows,Server,143,3
449,0,1,1,0,0,Mac,Server,14,2
450,0,0,1,0,0,Windows,Workstation,18,1
451,0,1,0,1,1,Solaris,Server,1,2
452,1,1,1,1,1,Solaris,Server,10,1
453,0,0,0,1,0,Mac,Server,81,1
454,0,1,1,0,0,Mac,Workstation,98,3
455,0,0,0,1,1,Windows,Server,14,3
456,1,1,0,1,0,Linux,Workstation,28,3
457,1,1,1,1,1,Mac,Workstation,9,8
458,1,0,0,1,0,Linux,Server,321,1
459,0,0,1,0,1,Solaris,Workstation,46,4
460,0,0,1,0,1,Solaris,Server,58,1
461,1,0,0,1,1,Windows,Workstation,151,3
462,1,0,1,1,0,Linux,Workstation,14,2
463,0,1,1,1,0,Windows,Server,102,1
464,1,1,0,1,1,Linux,Server,132,1
465,1,1,1,1,1,Solaris,Workstation,28,1
466,1,1,0,0,0,Solaris,Server,101,2
467,0,0,0,0,1,Solaris,Server,93,1
468,0,1,1,1,0,Linux,Server,120,1
469,1,1,1,0,1,Windows,Server,59,1
470,0,0,0,1,1,Linux,Server,65,2
471,0,1,0,0,1,Mac,Server,48,2
472,1,1,0,0,0,Linux,Workstation,123,2
473,1,0,0,0,1,Linux,Workstation,19,1
474,0,1,1,1,0,Solaris,Workstation,187,1
475,1,0,1,1,0,Solaris,Workstation,139,2
476,0,0,0,1,0,Solaris,Server,47,1
477,0,1,1,0,0,Mac,Server,36,1
478,0,1,0,1,0,Solaris,Server,32,4
479,1,1,0,1,0,Solaris,Workstation,22,1
480,1,0,0,1,1,Solaris,Server,13,3
481,0,1,0,0,1,Linux,Workstation,61,2
482,1,1,1,0,0,Mac,Workstation,5,1
483,0,0,1,0,0,Linux,Workstation,162,1
484,1,1,0,0,0,Linux,Server,13,1
485,0,0,1,1,0,Solaris,Server,53,2
486,0,0,1,1,1,Solaris,Workstation,241,2
487,0,1,0,0,0,Mac,Server,97,3
488,1,1,1,0,1,Linux,Server,84,4
489,0,0,0,1,1,Windows,Server,23,5
490,1,0,0,0,1,Solaris,Server,83,3
491,0,1,1,0,1,Solaris,Server,179,2
492,1,1,0,0,0,Linux,Workstation,28,1
493,0,0,1,0,0,Linux,Workstation,35,3
494,0,0,1,1,0,Linux,Workstation,4,1
495,1,0,0,1,1,Windows,Server,161,1
496,1,1,0,0,1,Solaris,Workstation,60,2
497,0,1,0,1,0,Linux,Workstation,11,2
498,0,1,1,1,0,Mac,Server,28,2
499,1,1,0,0,1,Linux,Workstation,18,3
500,1,0,0,0,1,Linux,Workstation,58,1
501,0,0,0,0,1,Linux,Workstation,123,2
502,0,0,0,1,1,Linux,Workstation,60,3
503,0,1,0,0,0,Linux,Workstation,127,1
504,0,0,1,1,0,Linux,Workstation,4,1
505,0,1,1,1,1,Solaris,Workstation,36,2
506,0,0,0,1,0,Mac,Workstation,8,1
507,0,0,0,1,0,Linux,Workstation,92,1
508,0,1,0,0,1,Windows,Workstation,54,4
509,0,1,0,0,1,Linux,Server,147,1
510,1,1,0,0,1,Solaris,Workstation,9,1
511,0,0,1,1,1,Windows,Workstation,337,1
512,0,0,1,0,1,Windows,Server,7,1
513,1,1,0,1,0,Mac,Server,32,1
514,0,0,1,0,1,Windows,Server,84,3
515,0,1,1,1,1,Solaris,Workstation,296,3
516,1,0,1,0,0,Windows,Workstation,74,1
517,0,0,1,0,0,Linux,Workstation,39,6
518,0,1,1,0,0,Linux,Workstation,72,2
519,0,0,0,1,0,Windows,Workstation,22,1
520,1,0,1,1,1,Windows,Workstation,101,2
521,0,0,0,1,0,Windows,Workstation,80,3
522,0,1,1,1,1,Linux,Workstation,27,1
523,0,0,1,0,1,Mac,Server,24,1
524,1,1,1,0,0,Mac,Workstation,209,2
525,1,1,0,1,0,Solaris,Workstation,33,1
526,0,0,1,0,0,Windows,Workstation,11,1
527,0,0,1,1,1,Linux,Server,63,2
528,0,1,1,0,1,Solaris,Server,33,10
529,1,1,1,1,0,Solaris,Server,161,1
530,0,1,1,1,1,Linux,Workstation,12,2
531,0,0,0,0,1,Windows,Server,41,1
532,1,1,1,1,1,Windows,Server,16,1
533,1,0,0,0,1,Linux,Server,39,3
534,1,0,0,1,1,Windows,Server,14,1
535,1,1,1,1,1,Solaris,Server,2,1
536,1,1,1,0,1,Mac,Server,66,1
537,1,1,0,0,0,Windows,Server,66,2
538,0,0,1,1,0,Windows,Server,76,3
539,0,1,1,0,0,Solaris,Server,36,1
540,0,0,0,0,0,Mac,Workstation,10,1
541,1,1,0,0,1,Solaris,Workstation,12,1
542,1,0,1,0,1,Mac,Server,161,1
543,0,1,0,0,0,Solaris,Server,56,2
544,1,0,0,1,1,Windows,Server,41,1
545,1,0,0,1,0,Mac,Server,13,2
546,0,0,0,0,1,Mac,Server,59,2
547,0,1,1,0,0,Solaris,Workstation,9,2
548,0,0,1,1,1,Linux,Workstation,156,5
549,0,0,1,1,1,Windows,Server,20,1
550,1,1,0,0,0,Linux,Server,16,7
551,1,1,0,0,1,Windows,Server,0,3
552,0,0,1,0,0,Mac,Server,51,1
553,0,0,0,1,1,Solaris,Server,31,1
554,0,1,0,0,0,Windows,Workstation,12,2
555,0,0,0,0,1,Linux,Workstation,38,2
556,1,1,0,1,0,Solaris,Workstation,214,1
557,1,0,1,0,1,Linux,Workstation,8,3
558,0,1,1,0,1,Linux,Workstation,14,1
559,1,0,0,1,1,Mac,Workstation,71,8
560,0,1,1,0,1,Windows,Workstation,44,3
561,1,1,1,0,1,Windows,Workstation,22,5
562,0,1,0,0,0,Windows,Server,90,1
563,0,0,0,1,0,Mac,Workstation,55,1
564,0,1,1,0,1,Solaris,Server,5,3
565,0,0,1,0,1,Linux,Server,29,2
566,1,1,1,0,1,Windows,Workstation,10,1
567,0,1,1,0,0,Linux,Workstation,53,1
568,0,0,0,0,0,Solaris,Server,49,3
569,1,1,0,0,1,Solaris,Server,58,1
570,1,1,0,0,1,Windows,Server,88,1
571,1,0,1,0,0,Mac,Workstation,41,1
572,0,0,0,1,0,Windows,Workstation,107,2
573,1,0,0,1,1,Windows,Server,2,2
574,0,0,1,0,0,Linux,Workstation,13,3
575,1,0,0,0,0,Mac,Server,15,2
576,1,0,0,0,1,Windows,Server,37,1
577,1,0,0,0,1,Linux,Server,61,10
578,0,1,1,1,0,Windows,Server,52,2
579,1,0,0,1,0,Solaris,Workstation,8,1
580,0,1,0,1,1,Linux,Workstation,192,2
581,1,1,0,1,0,Mac,Workstation,82,2
582,1,0,0,0,0,Mac,Server,46,2
583,1,1,0,1,0,Solaris,Workstation,78,3
584,0,1,1,1,0,Linux,Server,149,1
585,0,0,1,1,1,Solaris,Workstation,13,6
586,1,0,0,1,0,Linux,Server,37,1
587,1,1,0,1,1,Solaris,Server,32,1
588,1,0,0,0,1,Windows,Server,29,2
589,1,0,1,1,0,Solaris,Workstation,216,1
590,1,0,1,0,0,Windows,Server,99,1
591,0,0,0,0,0,Linux,Workstation,197,1
592,1,0,0,0,1,Mac,Server,54,1
593,0,0,1,1,0,Windows,Workstation,16,1
594,0,0,0,1,0,Linux,Workstation,69,1
595,1,1,1,0,1,Linux,Server,101,1
596,0,0,0,0,1,Solaris,Workstation,41,2
597,0,0,1,1,1,Windows,Server,82,1
598,0,1,0,0,0,Solaris,Server,2,2
599,1,1,1,1,0,Linux,Workstation,22,3
600,0,1,0,1,1,Windows,Workstation,14,2
601,0,1,0,0,0,Linux,Server,214,4
602,0,0,0,1,1,Solaris,Workstation,28,1
603,0,0,1,0,1,Linux,Server,5,4
604,0,0,0,1,1,Windows,Server,182,2
605,0,1,0,1,1,Mac,Workstation,14,2
606,0,0,1,1,1,Mac,Workstation,19,7
607,0,1,1,1,0,Solaris,Server,79,1
608,1,1,0,0,0,Windows,Workstation,56,6
609,0,1,1,1,1,Linux,Server,60,1
610,0,1,0,1,1,Mac,Workstation,7,1
611,0,1,1,1,1,Linux,Server,101,4
612,1,1,1,0,0,Linux,Server,96,1
613,0,0,0,0,0,Mac,Workstation,19,2
614,0,1,0,1,1,Windows,Workstation,35,2
615,1,0,1,1,1,Solaris,Workstation,20,1
616,0,0,1,0,1,Mac,Server,43,1
617,0,0,0,0,1,Linux,Server,15,2
618,0,1,1,1,0,Linux,Workstation,8,1
619,0,0,1,1,0,Mac,Workstation,40,5
620,0,1,1,0,1,Windows,Workstation,60,1
621,1,1,0,1,0,Solaris,Workstation,161,1
622,0,1,1,1,0,Linux,Server,36,1
623,1,0,1,0,0,Solaris,Workstation,93,1
624,0,0,1,1,1,Solaris,Server,1,2
625,1,0,0,0,0,Linux,Workstation,7,1
626,1,0,1,1,1,Windows,Workstation,71,1
627,0,0,0,1,0,Solaris,Server,48,5
628,1,0,1,0,1,Linux,Workstation,67,1
629,1,1,0,0,1,Solaris,Workstation,3,2
630,0,1,0,1,0,Linux,Server,5,2
631,0,1,1,1,0,Mac,Workstation,76,3
632,0,0,1,0,0,Mac,Server,29,1
633,0,1,1,0,0,Windows,Workstation,4,1
634,0,1,1,0,1,Linux,Workstation,20,3
635,1,1,1,1,1,Linux,Server,23,1
636,0,0,0,0,0,Windows,Server,55,7
637,1,0,1,0,0,Solaris,Server,125,1
638,0,0,1,1,0,Solaris,Workstation,30,4
639,0,0,1,0,0,Linux,Server,177,2
640,1,0,0,1,1,Windows,Server,40,1
641,0,0,1,0,0,Solaris,Server,17,1
642,0,0,0,0,1,Solaris,Server,39,3
643,0,0,1,1,1,Solaris,Server,29,1
644,0,1,0,0,1,Windows,Server,3,1
645,0,1,1,0,1,Windows,Server,11,1
646,1,1,1,1,1,Mac,Workstation,9,2
647,1,1,0,0,0,Solaris,Server,79,5
648,0,1,0,0,0,Windows,Server,62,2
649,0,0,1,0,0,Solaris,Server,28,1
650,0,0,0,0,0,Windows,Server,102,1
651,0,1,0,0,1,Linux,Workstation,277,1
652,0,0,1,0,0,Linux,Workstation,38,4
653,1,1,1,0,1,Mac,Server,33,1
654,1,1,1,1,0,Linux,Workstation,34,2
655,0,1,1,0,0,Mac,Workstation,52,1
656,1,0,1,1,0,Solaris,Workstation,1,1
657,1,1,1,1,1,Solaris,Server,108,4
658,1,0,0,1,1,Linux,Workstation,49,1
659,1,1,1,1,1,Mac,Workstation,8,6
660,0,0,1,1,1,Solaris,Workstation,22,1
661,1,1,0,0,1,Mac,Workstation,76,2
662,0,0,0,0,1,Linux,Workstation,81,1
663,1,1,1,0,0,Solaris,Server,36,1
664,0,0,1,1,1,Mac,Server,38,1
665,1,1,0,0,0,Windows,Server,35,1
666,1,0,1,1,0,Linux,Workstation,1,4
667,0,0,0,0,1,Solaris,Workstation,53,2
668,0,1,0,1,0,Linux,Server,50,2
669,1,1,1,0,1,Mac,Server,141,2
670,0,1,1,1,0,Windows,Server,91,2
671,0,0,1,0,0,Windows,Server,42,5
672,0,1,1,0,0,Mac,Workstation,200,1
673,1,0,1,0,1,Solaris,Workstation,2,3
674,0,1,0,0,1,Solaris,Server,72,3
675,0,1,1,1,0,Solaris,Server,24,3
676,1,1,0,1,1,Solaris,Server,139,3
677,1,1,0,0,0,Windows,Server,4,2
678,0,1,0,1,0,Linux,Server,32,4
679,0,0,0,1,1,Windows,Workstation,28,1
680,0,1,1,0,0,Solaris,Workstation,96,1
681,1,0,1,1,0,Linux,Workstation,163,2
682,0,0,1,0,1,Linux,Server,43,4
683,1,1,0,0,1,Mac,Workstation,65,1
684,0,0,1,0,0,Windows,Workstation,110,1
685,1,0,0,0,1,Windows,Server,30,1
686,0,1,1,1,0,Solaris,Workstation,57,2
687,1,0,0,1,1,Windows,Server,50,1
688,0,1,0,0,0,Linux,Server,48,1
689,1,1,0,0,0,Mac,Workstation,197,1
690,0,0,1,1,0,Linux,Server,65,1
691,1,1,0,1,0,Mac,Workstation,53,1
692,0,1,1,1,1,Solaris,Server,101,3
693,0,1,1,0,0,Windows,Workstation,47,1
694,1,1,1,1,1,Solaris,Workstation,5,1
695,0,0,1,1,1,Linux,Server,56,5
696,0,0,1,0,0,Mac,Workstation,43,2
697,0,1,1,1,1,Linux,Server,267,2
698,0,0,0,1,1,Linux,Server,54,1
699,1,0,1,0,0,Windows,Server,42,1
700,1,0,0,0,0,Solaris,Server,65,6
701,0,1,1,0,0,Linux,Workstation,65,1
702,1,1,1,1,1,Solaris,Server,19,1
703,1,0,0,0,0,Linux,Server,51,2
704,0,1,0,0,0,Mac,Workstation,28,2
705,0,0,0,0,1,Linux,Server,40,8
706,1,0,1,0,1,Linux,Workstation,21,2
707,0,1,1,1,1,Solaris,Workstation,45,2
708,0,1,1,0,0,Solaris,Workstation,6,1
709,0,0,0,1,1,Windows,Server,52,1
710,1,0,1,0,1,Linux,Server,18,1
711,0,0,1,1,0,Windows,Workstation,2,1
712,1,1,1,1,1,Windows,Workstation,81,1
713,0,0,0,1,0,Linux,Server,11,1
714,1,0,0,1,0,Mac,Server,41,1
715,0,1,0,0,0,Mac,Workstation,3,1
716,0,0,1,0,1,Linux,Server,234,1
717,0,0,0,1,0,Windows,Server,6,1
718,1,1,1,0,1,Mac,Workstation,12,1
719,1,0,1,0,1,Solaris,Workstation,190,2
720,1,0,1,0,0,Solaris,Server,7,1
721,1,1,0,0,0,Mac,Workstation,58,1
722,1,1,1,0,0,Mac,Server,21,2
723,0,1,0,1,1,Solaris,Workstation,33,1
724,0,1,0,0,1,Linux,Workstation,26,1
725,1,1,0,1,0,Windows,Workstation,76,2
726,0,1,1,0,1,Mac,Workstation,101,1
727,1,1,1,1,1,Windows,Workstation,1,1
728,0,1,0,0,1,Solaris,Workstation,164,1
729,0,0,0,0,0,Solaris,Server,0,6
730,0,0,0,1,0,Solaris,Workstation,89,1
731,0,0,1,1,1,Windows,Workstation,10,1
732,0,1,0,0,1,Linux,Workstation,57,1
733,0,1,1,1,0,Windows,Server,11,2
734,0,0,1,0,1,Solaris,Server,33,4
735,0,0,1,0,1,Windows,Server,30,2
736,1,0,1,0,0,Mac,Server,24,2
737,1,1,0,0,1,Windows,Server,29,2
738,0,0,1,1,0,Mac,Workstation,43,2
739,0,1,1,1,0,Linux,Server,156,1
740,0,0,1,1,0,Mac,Workstation,7,12
741,1,1,1,1,1,Windows,Workstation,9,2
742,0,0,1,1,1,Solaris,Server,83,3
743,1,1,0,1,0,Mac,Server,77,3
744,1,1,0,0,1,Linux,Server,32,5
745,1,0,0,1,1,Mac,Workstation,93,2
746,0,1,0,1,1,Solaris,Workstation,37,2
747,1,1,1,0,0,Mac,Workstation,98,1
748,1,1,1,0,1,Linux,Workstation,16,3
749,0,1,1,1,1,Solaris,Server,2,2
750,1,0,0,1,0,Mac,Server,4,1
751,1,1,0,0,1,Linux,Workstation,21,4
752,0,0,1,1,1,Mac,Workstation,27,7
753,0,1,0,0,1,Mac,Server,2,2
754,0,1,0,0,0,Windows,Server,20,5
755,0,1,1,1,1,Windows,Workstation,23,1
756,1,1,0,0,1,Windows,Server,9,2
757,0,1,0,0,0,Windows,Workstation,30,1
758,0,1,1,0,1,Windows,Server,176,1
759,1,0,0,1,0,Solaris,Server,9,1
760,1,1,0,0,1,Mac,Workstation,98,1
761,0,0,1,0,0,Solaris,Workstation,9,1
762,0,0,0,1,0,Windows,Workstation,54,2
763,0,1,0,1,1,Solaris,Server,79,1
764,0,1,0,0,0,Windows,Workstation,59,1
765,0,0,0,1,0,Solaris,Server,10,1
766,1,0,1,1,0,Mac,Server,105,5
767,0,1,0,0,0,Windows,Workstation,71,1
768,0,0,1,0,0,Windows,Server,9,1
769,0,0,1,1,1,Solaris,Server,101,1
770,1,1,0,1,1,Windows,Server,108,1
771,1,1,0,0,0,Solaris,Server,17,1
772,1,0,0,0,0,Linux,Server,28,1
773,1,1,1,0,0,Solaris,Workstation,126,4
774,1,0,0,0,1,Mac,Server,113,2
775,1,0,0,1,0,Linux,Workstation,164,1
776,1,0,0,0,0,Windows,Server,26,1
777,0,0,0,0,1,Solaris,Server,71,1
778,1,0,1,0,1,Solaris,Server,33,2
779,0,0,1,0,0,Linux,Workstation,93,3
780,1,0,1,1,0,Linux,Server,11,1
781,0,0,1,1,0,Linux,Workstation,111,1
782,0,0,1,0,1,Windows,Workstation,37,1
783,0,0,0,1,1,Mac,Workstation,35,1
784,1,0,0,0,1,Solaris,Workstation,65,3
785,0,1,0,0,1,Linux,Workstation,85,2
786,1,0,1,1,0,Linux,Workstation,10,1
787,1,1,0,0,1,Solaris,Workstation,71,2
788,1,1,0,1,1,Windows,Server,32,2
789,0,0,0,0,0,Solaris,Workstation,222,1
790,0,0,0,0,1,Linux,Workstation,25,1
791,0,0,0,0,1,Linux,Workstation,32,2
792,0,1,1,1,0,Solaris,Workstation,48,3
793,1,0,0,0,0,Windows,Workstation,31,2
794,1,0,0,1,0,Solaris,Workstation,8,3
795,1,1,0,1,1,Linux,Server,69,2
796,0,0,1,1,1,Mac,Workstation,36,1
797,1,1,0,1,0,Windows,Workstation,148,1
798,1,0,1,1,1,Windows,Workstation,20,1
799,0,1,1,1,1,Linux,Server,58,5
800,1,1,1,0,0,Mac,Workstation,37,1
801,1,0,0,0,0,Windows,Workstation,42,2
802,1,1,0,1,1,Windows,Server,19,1
803,1,1,1,1,1,Windows,Workstation,139,2
804,1,1,0,1,1,Windows,Workstation,149,2
805,0,1,1,1,0,Mac,Workstation,126,1
806,1,1,0,0,0,Solaris,Server,29,1
807,1,0,0,0,1,Solaris,Server,33,2
808,1,0,1,1,0,Linux,Workstation,13,5
809,1,1,1,0,0,Solaris,Server,124,1
810,1,0,0,1,1,Linux,Server,89,2
811,0,1,0,1,1,Windows,Workstation,98,3
812,1,1,1,0,1,Windows,Server,94,2
813,1,1,0,0,0,Windows,Server,7,5
814,1,1,1,1,1,Windows,Server,11,1
815,1,1,0,1,0,Mac,Workstation,68,1
816,1,0,0,0,0,Windows,Workstation,12,1
817,1,1,0,0,0,Windows,Server,18,1
818,1,0,1,0,0,Solaris,Workstation,10,1
819,0,1,1,0,1,Solaris,Server,32,1
820,1,1,1,1,0,Linux,Workstation,221,1
821,1,0,1,1,1,Windows,Workstation,6,1
822,1,0,1,0,0,Solaris,Server,48,1
823,1,1,0,1,1,Linux,Workstation,194,8
824,1,1,0,1,0,Mac,Workstation,182,3
825,1,1,1,0,0,Windows,Server,38,4
826,1,0,0,0,1,Windows,Workstation,5,2
827,0,1,1,1,0,Mac,Workstation,6,1
828,1,1,1,1,0,Mac,Server,41,2
829,0,1,1,0,1,Solaris,Workstation,54,1
830,0,1,0,0,0,Linux,Server,70,1
831,1,0,1,0,0,Solaris,Server,13,6
832,0,0,1,0,0,Linux,Server,99,3
833,1,1,1,1,0,Solaris,Workstation,64,2
834,0,1,1,1,0,Windows,Server,17,6
835,0,1,0,0,0,Solaris,Workstation,1,2
836,0,1,0,0,1,Linux,Server,61,3
837,0,0,0,0,1,Solaris,Server,38,2
838,0,0,0,1,0,Windows,Server,41,6
839,0,1,1,1,1,Linux,Workstation,136,1
840,0,0,0,1,1,Solaris,Server,45,4
841,1,0,0,0,1,Solaris,Server,45,5
842,0,1,0,1,0,Linux,Server,51,2
843,0,0,1,1,1,Windows,Workstation,103,4
844,0,1,0,0,1,Linux,Server,78,3
845,0,0,0,0,0,Windows,Workstation,66,1
846,0,1,0,1,1,Solaris,Server,42,2
847,1,0,1,0,0,Mac,Workstation,16,1
848,1,0,1,1,0,Linux,Workstation,17,2
849,0,1,1,0,1,Mac,Workstation,102,1
850,0,0,0,0,0,Solaris,Workstation,1,4
851,0,0,1,0,1,Mac,Server,112,4
852,0,0,0,1,1,Solaris,Server,28,1
853,1,0,0,1,1,Windows,Workstation,46,6
854,0,1,1,1,0,Linux,Workstation,33,2
855,0,0,1,1,0,Windows,Workstation,19,2
856,0,1,0,1,1,Windows,Workstation,36,1
857,0,0,1,0,1,Solaris,Workstation,43,2
858,0,1,1,0,1,Windows,Workstation,104,1
859,0,0,0,0,0,Windows,Workstation,17,2
860,1,1,1,0,1,Linux,Workstation,1,2
861,0,0,1,0,1,Linux,Workstation,22,1
862,1,1,0,1,0,Windows,Workstation,20,1
863,1,1,1,0,0,Windows,Server,64,2
864,1,1,0,1,0,Mac,Server,63,1
865,0,1,1,1,0,Linux,Workstation,158,1
866,1,0,0,1,0,Windows,Workstation,3,3
867,0,0,1,1,0,Windows,Server,34,1
868,1,1,1,1,0,Solaris,Workstation,92,1
869,1,1,1,0,0,Solaris,Workstation,5,3
870,1,1,1,0,0,Windows,Workstation,11,3
871,0,0,1,0,0,Mac,Workstation,127,2
872,0,1,0,0,1,Solaris,Server,28,1
873,1,1,0,1,1,Solaris,Workstation,77,1
874,0,0,0,0,1,Solaris,Server,13,1
875,0,1,1,1,0,Windows,Workstation,4,1
876,0,0,1,0,1,Mac,Workstation,124,2
877,1,0,1,0,0,Mac,Workstation,60,1
878,0,1,1,0,0,Linux,Server,35,1
879,1,1,1,1,1,Windows,Server,131,1
880,1,1,0,1,0,Windows,Workstation,10,1
881,0,0,0,0,0,Windows,Workstation,94,1
882,1,1,0,0,0,Solaris,Workstation,18,1
883,1,1,0,0,0,Solaris,Server,0,2
884,0,0,0,1,0,Solaris,Server,12,1
885,1,1,0,0,0,Mac,Server,2,2
886,1,0,1,1,0,Linux,Workstation,6,3
887,0,1,1,1,0,Solaris,Workstation,66,2
888,1,0,1,1,1,Windows,Server,6,3
889,1,1,0,1,1,Mac,Server,33,3
890,0,1,0,1,1,Linux,Server,40,1
891,0,0,1,1,0,Windows,Server,125,2
892,1,0,1,1,1,Linux,Workstation,23,1
893,0,0,1,0,1,Solaris,Workstation,3,2
894,1,1,1,0,1,Windows,Workstation,5,2
895,1,1,0,1,1,Mac,Server,37,3
896,1,0,0,0,0,Windows,Server,157,1
897,1,1,0,0,1,Linux,Server,22,2
898,1,0,1,0,1,Linux,Server,11,2
899,0,0,0,1,1,Mac,Server,70,2
900,0,1,1,0,0,Mac,Workstation,78,3
901,0,1,1,1,0,Windows,Server,40,1
902,1,1,1,1,1,Solaris,Workstation,45,1
903,1,0,1,1,0,Windows,Workstation,7,3
904,0,1,1,1,1,Solaris,Workstation,9,2
905,0,1,0,1,0,Linux,Workstation,44,1
906,1,1,1,0,1,Windows,Workstation,62,3
907,1,1,1,1,1,Linux,Server,37,5
908,0,1,1,1,1,Linux,Server,196,1
909,0,0,0,0,0,Solaris,Server,152,1
910,1,1,1,0,0,Solaris,Workstation,42,3
911,1,1,1,1,0,Windows,Workstation,29,1
912,1,1,1,1,1,Linux,Server,24,1
913,1,1,0,0,1,Mac,Workstation,13,1
914,1,1,1,1,0,Solaris,Workstation,18,4
915,0,0,0,1,0,Solaris,Workstation,2,1
916,1,1,1,1,1,Windows,Server,26,3
917,0,1,1,0,0,Windows,Workstation,99,1
918,0,1,1,0,1,Solaris,Server,48,1
919,1,0,1,1,1,Linux,Server,178,7
920,1,1,0,0,0,Solaris,Workstation,129,1
921,0,0,1,0,1,Solaris,Server,53,3
922,0,1,1,0,0,Mac,Workstation,122,2
923,0,0,0,0,1,Mac,Workstation,13,1
924,0,0,0,1,1,Windows,Workstation,51,1
925,0,1,0,0,1,Windows,Server,12,1
926,1,0,1,1,0,Mac,Workstation,32,1
927,0,1,0,0,0,Linux,Workstation,52,2
928,1,1,1,1,1,Mac,Server,106,1
929,0,1,0,1,1,Linux,Server,11,2
930,0,1,0,1,0,Linux,Workstation,75,2
931,0,0,0,1,0,Mac,Workstation,75,1
932,0,0,1,0,1,Linux,Workstation,9,2
933,1,0,1,0,1,Linux,Server,11,2
934,1,0,1,1,0,Solaris,Server,43,1
935,1,0,0,1,1,Solaris,Server,36,4
936,0,0,0,0,0,Linux,Workstation,108,5
937,0,1,1,0,1,Mac,Workstation,89,1
938,0,1,1,0,1,Windows,Server,37,4
939,0,0,1,0,1,Solaris,Workstation,2,1
940,1,1,0,0,0,Solaris,Workstation,41,4
941,0,1,1,1,1,Windows,Server,315,1
942,0,1,0,0,1,Mac,Workstation,20,1
943,0,0,1,0,1,Windows,Workstation,75,2
944,0,0,0,0,0,Linux,Workstation,30,1
945,1,0,0,1,1,Windows,Server,86,3
946,0,1,0,0,1,Mac,Workstation,117,1
947,1,0,0,0,0,Solaris,Workstation,22,3
948,1,1,0,1,1,Solaris,Server,48,1
949,1,1,0,1,0,Mac,Server,35,2
950,0,1,0,0,0,Linux,Workstation,88,2
951,1,0,0,0,1,Solaris,Workstation,42,1
952,1,0,0,0,0,Mac,Server,14,2
953,1,1,1,0,1,Windows,Workstation,29,2
954,0,1,0,1,1,Solaris,Workstation,8,2
955,0,0,1,0,1,Windows,Server,40,1
956,0,1,1,1,0,Linux,Workstation,126,1
957,1,0,0,0,0,Solaris,Workstation,41,1
958,1,0,1,0,1,Solaris,Server,58,4
959,0,1,0,0,1,Linux,Workstation,15,1
960,1,1,0,1,1,Linux,Workstation,116,1
961,1,1,1,1,0,Linux,Workstation,15,1
962,0,0,1,0,0,Solaris,Server,34,1
963,0,0,0,0,1,Solaris,Server,15,3
964,0,0,1,1,0,Windows,Server,99,3
965,0,0,0,1,1,Mac,Server,64,3
966,1,0,1,1,0,Windows,Server,23,1
967,0,1,1,1,0,Mac,Server,16,1
968,1,0,0,0,1,Mac,Workstation,66,4
969,1,1,0,0,1,Linux,Workstation,2,1
970,1,1,1,0,0,Solaris,Server,163,1
971,0,0,1,1,0,Windows,Server,105,2
972,0,1,1,1,0,Windows,Server,107,1
973,0,1,1,0,1,Mac,Workstation,87,4
974,1,0,1,0,1,Linux,Server,26,1
975,0,0,0,1,0,Windows,Server,9,1
976,0,1,1,0,1,Solaris,Workstation,27,1
977,0,0,0,0,1,Solaris,Server,54,2
978,0,0,1,0,1,Linux,Workstation,280,1
979,0,0,1,0,0,Linux,Workstation,1,2
980,0,0,1,1,1,Windows,Workstation,10,1
981,0,1,1,0,0,Mac,Server,40,1
982,1,1,1,1,1,Mac,Workstation,79,1
983,0,0,0,0,0,Mac,Workstation,22,2
984,0,1,1,0,1,Mac,Server,3,2
985,0,1,1,0,1,Linux,Server,142,3
986,0,1,0,0,0,Solaris,Server,6,1
987,0,0,0,0,1,Solaris,Server,41,1
988,0,0,1,0,1,Windows,Workstation,8,1
989,0,0,0,1,0,Mac,Server,65,1
990,0,0,1,1,1,Linux,Workstation,138,6
991,0,0,1,1,0,Linux,Server,19,1
992,0,0,0,1,1,Solaris,Server,203,1
993,0,0,0,1,0,Mac,Workstation,99,3
994,0,1,1,1,0,Mac,Server,37,1
995,0,1,1,1,1,Linux,Server,3,4
996,0,0,0,1,0,Mac,Workstation,51,3
997,0,0,1,1,1,Windows,Workstation,163,2
998,0,1,0,1,1,Solaris,Server,58,1
999,1,0,0,1,1,Solaris,Workstation,2,1
1000,0,1,1,0,1,Solaris,Server,45,2
